mint,year,cls,decon,creator_allocation_t0,top5_concentration_wend,creator_time_to_first_sell_s,authority_revoked_in_window,n_early_holders,insider_funded_early_holders,freezable,mintable,nontransf,thook,creator_prior_launches,creator_prior_hard_rugs,creator_prior_rug_rate,creator_days_since_prev_launch,creator_first_seen
CP1KFKft4HtvNgNx5PDPrsmZbBs9fDFoVbJAKfiRAUde,2024,honest_candidate,soft_rug,-1.0,0.996877350117967,33.0,0.0,8.0,7.0,0.0,0.0,0.0,0.0,0.0,0.0,-1.0,-1.0,1.0
gYgUiBNGMgHiKC2aReo12JTp5rJP4WpR892hFcbpump,2024,honest_candidate,honest_candidate,0.0,0.9999945620034403,-35.0,0.0,6.0,0.0,0.0,0.0,0.0,0.0,0.0,0.0,-1.0,-1.0,1.0
36gmCN9HLE5s6j8FdEYUCywByZU2KKKYy3UnAShmpump,2024,honest_candidate,honest_candidate,9.264134359397422e-05,0.9955577007648939,-1.0,0.0,213.0,0.0,0.0,0.0,0.0,0.0,0.0,0.0,-1.0,-1.0,1.0
DKQpAd288VT4pLS4qiZvoqHqRgqm72PTfxBCwahjpump,2024,honest_candidate,soft_rug,0.0,1.0,-53.0,0.0,4.0,2.0,0.0,0.0,0.0,0.0,92.0,45.0,0.4891304347826087,6.073726851851852,0.0
C52svWnbfGwG9579FUeGY3VcFL7EzX38UFvY8n6xpump,2024,honest_candidate,honest_candidate,0.0,1.0,-56.0,0.0,3.0,0.0,0.0,0.0,0.0,0.0,91.0,45.0,0.4945054945054945,9.313935185185185,0.0
32arrmeCMusDt2g26wKcY1ujzHjnGqGLT3GnDj5fZpyj,2024,honest_candidate,soft_rug,-1.0,0.9975222995828336,-56.0,0.0,7.0,1.0,0.0,0.0,0.0,0.0,63.0,38.0,0.6031746031746031,1.0827777777777778,0.0
Ca1e3gpWfH6r8G2i9qMQx83Aqoz5uP2x8PuYYpaDvjFp,2024,honest_candidate,honest_candidate,0.0,1.0,-1.0,0.0,3.0,0.0,1.0,1.0,0.0,0.0,0.0,0.0,-1.0,-1.0,1.0
5r4qC9niqqUhjMDsBkJBXTpKob6n3LGbD44jwHFpEFuV,2024,honest_candidate,honest_candidate,-1.0,0.7701641374157018,-48.0,0.0,13.0,0.0,0.0,0.0,0.0,0.0,0.0,0.0,-1.0,-1.0,1.0
AG7e5ib8H5xJ4zAk4A4qNgtvSR9iNGWLrQDVc4YNK4jR,2024,honest_candidate,honest_candidate,-1.0,-1.0,-37.0,0.0,0.0,0.0,0.0,0.0,0.0,0.0,0.0,0.0,-1.0,-1.0,1.0
42aBQ9wfV1KrAC3gpepR6DDYqDc7vgqqrDDGc1EhAjnE,2024,honest_candidate,honest_candidate,-1.0,-1.0,473.0,0.0,0.0,0.0,0.0,0.0,0.0,0.0,0.0,0.0,-1.0,-1.0,1.0
FB4EdFXVZ4tbZ3NLDwjLPedHTfMXgAkDeR6C8ZFA8jqH,2024,honest_candidate,honest_candidate,-1.0,1.0,-60.0,0.0,3.0,0.0,0.0,0.0,0.0,0.0,1.0,1.0,1.0,56.14277777777778,0.0
9c5zrjasai21tLKFzKKGUn8KBC5X7ZjaFoHsPvxW3E38,2024,honest_candidate,honest_candidate,-1.0,-1.0,34.0,0.0,0.0,0.0,0.0,0.0,0.0,0.0,72.0,40.0,0.5555555555555556,3.4874074074074075,0.0
67LhKQjYvDwFVLy8aaexyVXDGsEWxHQbJFvmgcEZcibx,2024,honest_candidate,soft_rug,0.0,1.0,-59.0,0.0,3.0,1.0,0.0,0.0,0.0,0.0,78.0,40.0,0.5128205128205128,4.165173611111111,0.0
6UtpLrkgrquXkyc7DQdm9pn7Wus2UMRAmNpKmpHQ6eJw,2024,honest_candidate,soft_rug,0.9996668443112942,1.0,-6.0,0.0,5.0,3.0,1.0,1.0,0.0,0.0,77.0,40.0,0.5194805194805194,1.2683912037037037,0.0
DPRMg2eQwvWNaNAnBZAtNrFjgZf7Sa7jDzwdzJK3gkNr,2024,honest_candidate,honest_candidate,4.479477091048521e-06,0.9069412836519267,-1.0,0.0,15.0,1.0,0.0,0.0,0.0,0.0,0.0,0.0,-1.0,-1.0,1.0
HK8abySfecCVXmM449EQV5VWqJtB7cDbDAxC2waHn1zN,2024,honest_candidate,honest_candidate,-1.0,-1.0,0.0,0.0,0.0,0.0,0.0,0.0,0.0,0.0,50.0,34.0,0.68,2.6628935185185183,0.0
D8Ju97fPab1DNDnJ6Ajq34hNhTYoFuRNZezKFo3bpump,2024,honest_candidate,honest_candidate,-1.0,-1.0,55.0,0.0,0.0,0.0,0.0,0.0,0.0,0.0,3.0,0.0,0.0,65.63350694444445,0.0
42KmnheUHt3UaQFoAKnipLgBJ1Zm427heJdQcHGPtnjc,2024,honest_candidate,honest_candidate,-1.0,-1.0,-1.0,0.0,0.0,0.0,0.0,0.0,0.0,0.0,0.0,0.0,-1.0,-1.0,1.0
4dWL1bRzyqJHKecABTzXuhAvHobwPiDkM7eWcKYJhiLR,2024,honest_candidate,honest_candidate,-1.0,1.0,-1.0,0.0,5.0,3.0,0.0,0.0,0.0,0.0,0.0,0.0,-1.0,-1.0,1.0
F1t3SMJSNsncDhdL7KvTx2PqA5fx9EtTFMUF1fz91Jar,2024,honest_candidate,honest_candidate,0.0,-1.0,-44.0,0.0,0.0,0.0,0.0,0.0,0.0,0.0,1.0,0.0,0.0,105.1394675925926,0.0
AdbcPrsPMHzQ3T5qB2QyLWXqPAXNU9XCZVHxYravuywt,2024,honest_candidate,honest_candidate,0.0,0.9999062256055039,-1.0,0.0,6.0,0.0,1.0,1.0,0.0,0.0,0.0,0.0,-1.0,-1.0,1.0
GC9Z2SrGCbWtejHAbfnYCiWcXBqTSN4ruejfYWWHQMZs,2024,honest_candidate,honest_candidate,-1.0,-1.0,775.0,0.0,0.0,0.0,0.0,0.0,0.0,0.0,0.0,0.0,-1.0,-1.0,1.0
7rNMpuTMbMGWTfJLxLfvvJYG1GuxKTuKyr9VVt8Ra8iY,2024,honest_candidate,honest_candidate,-1.0,0.7255388386894606,-60.0,0.0,8.0,0.0,0.0,0.0,0.0,0.0,0.0,0.0,-1.0,-1.0,1.0
BVheg64DJXsRJUA5XSvGhV4XfXR1DWSDA484h4VCULZj,2024,honest_candidate,honest_candidate,-1.0,1.0,-10.0,0.0,1.0,0.0,0.0,0.0,0.0,0.0,0.0,0.0,-1.0,-1.0,1.0
BL5Q2B7zFm3dd5qbjwufmFcJ5Ha8qFd5Xm8DdyhGQchv,2024,honest_candidate,honest_candidate,-1.0,-1.0,107.0,0.0,0.0,0.0,0.0,0.0,0.0,0.0,0.0,0.0,-1.0,-1.0,1.0
2kdKMZoUG8GT9Be4KLnqfuLDk8skD4k15h35nYBA4ykD,2024,honest_candidate,honest_candidate,-1.0,-1.0,-1.0,0.0,0.0,0.0,0.0,0.0,0.0,0.0,0.0,0.0,-1.0,-1.0,1.0
BYj4B3kUPdHjQNM2tLW5iwq2QcVQkvTmmJ8qA3mmiSM2,2024,honest_candidate,honest_candidate,-1.0,-1.0,-1.0,0.0,0.0,0.0,0.0,0.0,0.0,0.0,0.0,0.0,-1.0,-1.0,1.0
J5iTL6j7d3xv1fvkqetTwSRa7EGFxq1G23btz2ruqTF6,2024,honest_candidate,honest_candidate,0.0,0.9996242624307394,-1.0,0.0,6.0,0.0,1.0,1.0,0.0,0.0,0.0,0.0,-1.0,-1.0,1.0
HBNxaTX1xy4W7WRZyQrTVXfZbboWa7hWWXbUZ6SSpump,2024,honest_candidate,honest_candidate,-1.0,1.0,-13.0,0.0,1.0,1.0,0.0,0.0,0.0,0.0,105.0,50.0,0.47619047619047616,1.6707175925925926,0.0
EEXFVvTdHYV89K36UDnmdh2KgEYHAcYT8Cgu45rgTACZ,2024,honest_candidate,honest_candidate,-1.0,-1.0,-55.0,0.0,0.0,1.0,0.0,0.0,0.0,0.0,102.0,50.0,0.49019607843137253,0.7649421296296296,0.0
EeSSpFMqEsgjFVMWBiTXkdAiJwWNSSkkZsmHeg8nEUiM,2024,honest_candidate,honest_candidate,-1.0,1.0,-59.0,0.0,5.0,0.0,0.0,0.0,0.0,0.0,0.0,0.0,-1.0,-1.0,1.0
AMDVmNQL5PVpaKyizYSZGCZnnyHCLJYC5JGDrQRoyNRS,2024,honest_candidate,honest_candidate,-1.0,-1.0,-1.0,0.0,0.0,0.0,0.0,0.0,0.0,0.0,0.0,0.0,-1.0,-1.0,1.0
914FM2PwGjufiUiLvbNS3ip6VJvk6QJ5VKHL4gmubYU8,2024,honest_candidate,honest_candidate,1.0,0.9999999001098631,-1.0,0.0,6.0,1.0,1.0,1.0,0.0,0.0,0.0,0.0,-1.0,-1.0,1.0
4iEkSPpXxjsD6fRY9UmCGX73NJch5yakPzYt6McLpump,2024,honest_candidate,honest_candidate,-1.0,0.9880595227744741,-41.0,0.0,6.0,0.0,0.0,0.0,0.0,0.0,2.0,1.0,0.5,76.23082175925926,0.0
4q3rLoSVjE5GUkd5ugjLP8SrDdsuG2DjjQMqt1sciLmA,2024,honest_candidate,soft_rug,0.0,1.0,-47.0,0.0,4.0,2.0,0.0,0.0,0.0,0.0,71.0,40.0,0.5633802816901409,2.082013888888889,0.0
HRB9ttwJnxVowHiFXs1Nqh4wKxDeG5skS3YYVnmeCXxr,2024,honest_candidate,honest_candidate,-1.0,1.0,-56.0,0.0,4.0,0.0,0.0,0.0,0.0,0.0,52.0,34.0,0.6538461538461539,1.6344328703703703,0.0
7FzYDUjZKPyxArWATtf7Y8Sh2QR4X76j1ybYa1Ahpump,2024,honest_candidate,honest_candidate,0.0,1.0,-9.0,0.0,1.0,0.0,0.0,0.0,0.0,0.0,0.0,0.0,-1.0,-1.0,1.0
6Bo47uAVerbvrSYvkRRpzFQD38xxEXBXEdXFqS9WKbxw,2024,honest_candidate,honest_candidate,0.0,1.0,-1.0,0.0,5.0,0.0,1.0,1.0,0.0,0.0,0.0,0.0,-1.0,-1.0,1.0
2E6SSuVKVrQ6113KpWvzvhfY9yQ647E83V6e656fpump,2024,honest_candidate,honest_candidate,0.0,0.05555555555555555,-58.0,0.0,90.0,1.0,0.0,0.0,0.0,0.0,100.0,49.0,0.49,5.23431712962963,0.0
gHktYWXmHEfNraKe6pUxbMxVNgWCEZDWLRoctCfpump,2024,honest_candidate,honest_candidate,0.0,1.0,-47.0,0.0,2.0,0.0,0.0,0.0,0.0,0.0,67.0,39.0,0.582089552238806,3.0894675925925927,0.0
2CtYn6KZLqfZwTi4QYceoivKGzCgMmCmwYdqUAQ42TFX,2024,honest_candidate,honest_candidate,-1.0,1.0,-52.0,0.0,3.0,0.0,0.0,0.0,0.0,0.0,62.0,38.0,0.6129032258064516,0.03791666666666667,0.0
H7khEVsSy8Jiw5LZFJNZoVREqa5RfGjBhCBCnSk8Ex6T,2024,honest_candidate,soft_rug,1.0,1.0,731.0,0.0,1.0,0.0,0.0,1.0,0.0,0.0,0.0,0.0,-1.0,-1.0,1.0
99s2KPC7Bj3zzHBUREqdQhHphmYm6F8UzRokBgDXoYGD,2024,honest_candidate,soft_rug,0.0,1.0,-60.0,0.0,1.0,1.0,0.0,0.0,0.0,0.0,79.0,40.0,0.5063291139240507,1.2538078703703703,0.0
8C3sRWnqToyjM7enYzatQBf1eyUbiGqHueXT8E7opump,2024,honest_candidate,honest_candidate,-1.0,1.0,-24.0,0.0,5.0,0.0,0.0,0.0,0.0,0.0,0.0,0.0,-1.0,-1.0,1.0
BgE77ri345DfxANr9J73ZKQjoJ5iwzLi7fyrusthFftK,2024,honest_candidate,soft_rug,1.0,1.0,0.0,0.0,2.0,2.0,1.0,1.0,0.0,0.0,66.0,39.0,0.5909090909090909,3.114375,0.0
78wz5WVzVuc9AssLsudgFZRV6SL7Yz2uVQiYX1yFaGF2,2024,honest_candidate,honest_candidate,-1.0,-1.0,-45.0,0.0,0.0,0.0,0.0,0.0,0.0,0.0,41.0,27.0,0.6585365853658537,13.784201388888889,0.0
4rVJEV6FFkoT2HcWMo4Kswh8YaajP965ZF2vNwoaNvsg,2024,honest_candidate,honest_candidate,0.0,1.0,-1.0,0.0,1.0,0.0,1.0,1.0,0.0,0.0,0.0,0.0,-1.0,-1.0,1.0
FbUy1NubUtCfoif7TAr6wAtJVJFapYUVWxRGmUwvKNyS,2024,honest_candidate,honest_candidate,-1.0,-1.0,-1.0,0.0,0.0,0.0,0.0,0.0,0.0,0.0,0.0,0.0,-1.0,-1.0,1.0
CUM4gccKdaPiyaEU8YX13ZFufPA2MFqyk3zUnVa7p11p,2024,honest_candidate,honest_candidate,0.0,0.9869548002884048,-45.0,0.0,6.0,0.0,0.0,0.0,0.0,0.0,75.0,40.0,0.5333333333333333,0.38197916666666665,0.0
CH6hfa6CgB5WJ42XNn9XvrpY3shyghpqEGyNucWZEsJG,2024,honest_candidate,honest_candidate,-1.0,0.9999925125265353,-42.0,0.0,6.0,0.0,0.0,0.0,0.0,0.0,0.0,0.0,-1.0,-1.0,1.0
Eda9kfeBquJ2ua3c2MY797VRfvfrQdH7UosdcQzGpump,2024,honest_candidate,soft_rug,1.0,1.0,1186.0,0.0,1.0,0.0,0.0,0.0,0.0,0.0,0.0,0.0,-1.0,-1.0,1.0
Goi7V2ArUunrQnxcwVoujj3nGipd3HgMzUrSBptSpump,2024,honest_candidate,soft_rug,0.0,1.0,-57.0,0.0,4.0,1.0,0.0,0.0,0.0,0.0,69.0,40.0,0.5797101449275363,2.962337962962963,0.0
HJgHiNNUaRLyaviSUQvaYgXz8XhvMvGqCLfkyw3FSJeP,2024,honest_candidate,honest_candidate,1.0,1.0,34.0,0.0,2.0,0.0,0.0,0.0,0.0,0.0,0.0,0.0,-1.0,-1.0,1.0
EDavhezsuNnhdoAKPExWaMtnuhq6FVqoBYnyFEJLLBqC,2024,honest_candidate,honest_candidate,0.0,-1.0,-58.0,0.0,0.0,0.0,0.0,0.0,0.0,0.0,59.0,37.0,0.6271186440677966,6.660555555555556,0.0
BavQwE7ResVDtbCmcBGnzPEFCqGejB5SatyUaqcMpump,2024,honest_candidate,soft_rug,1.0,1.0,448.0,0.0,1.0,1.0,0.0,0.0,0.0,0.0,0.0,0.0,-1.0,-1.0,1.0
GiRL3xzhN1D2upsBALxaiCCuj23m4P5yNKYAH3zNcz9v,2024,honest_candidate,honest_candidate,-1.0,-1.0,433.0,0.0,0.0,0.0,0.0,0.0,0.0,0.0,1.0,0.0,0.0,26.259050925925926,0.0
AVm6WLmMuzdedAMjpXLYmSGjLLPPjjVWNuR6JJhJLWn3,2024,honest_candidate,soft_rug,-1.0,1.0,219.0,0.0,3.0,2.0,0.0,0.0,0.0,0.0,0.0,0.0,-1.0,-1.0,1.0
xHWKW3Yyji9xe6FnTmDqu3rBApt3Ysu5ysywUA85Len,2024,honest_candidate,honest_candidate,0.0,1.0,-1.0,0.0,3.0,0.0,0.0,0.0,0.0,0.0,0.0,0.0,-1.0,-1.0,1.0
CgxezHrGAp5uH11XqrkuzuhtWLb1VKvpq2XuNyrtpump,2024,honest_candidate,honest_candidate,-1.0,1.0,-44.0,0.0,1.0,0.0,0.0,0.0,0.0,0.0,3.0,1.0,0.3333333333333333,47.444583333333334,0.0
A7ziTBUfNJjWE2EA84EbdUL9Ks8KiTnK92vvWvJXpump,2024,honest_candidate,honest_candidate,-1.0,-1.0,-1.0,0.0,0.0,0.0,0.0,0.0,0.0,0.0,0.0,0.0,-1.0,-1.0,1.0
9xYeZDHEwyuqJmqrTourbFRaxN2qhkYesnz3iQ3FPz4r,2024,honest_candidate,honest_candidate,-1.0,-1.0,113.0,0.0,0.0,0.0,0.0,0.0,0.0,0.0,0.0,0.0,-1.0,-1.0,1.0
A7EbRDA3SF7vEBFsuKrnmg5CgRErPpV1vrJFXFMPpump,2024,honest_candidate,honest_candidate,-1.0,-1.0,176.0,0.0,0.0,1.0,0.0,0.0,0.0,0.0,103.0,50.0,0.4854368932038835,2.412511574074074,0.0
Dc5kmH6Q4kuvVdLiVNYPMXj1HDpTrWxT56F6Sr6shn9V,2024,honest_candidate,honest_candidate,0.0,0.9996947934958157,-1.0,0.0,6.0,1.0,0.0,0.0,0.0,0.0,0.0,0.0,-1.0,-1.0,1.0
EJyaqmhRmjbdC9xi9Yj3dzDfWHdiRZdUrowfkFdZsc2B,2024,honest_candidate,honest_candidate,-1.0,-1.0,-26.0,0.0,0.0,0.0,0.0,0.0,0.0,0.0,58.0,37.0,0.6379310344827587,17.50994212962963,0.0
3kEeXXSjPmLzuTmmTJGDCBbdB8Ng87opae5xg4iSpump,2024,honest_candidate,honest_candidate,-1.0,-1.0,395.0,0.0,0.0,0.0,0.0,0.0,0.0,0.0,0.0,0.0,-1.0,-1.0,1.0
9HvM3nS2eDKWxNvi8vSFXRhHA1xhDW33rt4ZA1bE1DbV,2024,honest_candidate,honest_candidate,0.0,0.01939298098292453,-60.0,0.0,1173.0,3.0,0.0,0.0,0.0,0.0,93.0,45.0,0.4838709677419355,1.7412962962962963,0.0
2erZCPbQBobsFV23Z18J8aSfrV3QJ1RB8Ge9jhKjTL9m,2024,honest_candidate,honest_candidate,-1.0,1.0,-1.0,0.0,1.0,1.0,0.0,0.0,0.0,0.0,0.0,0.0,-1.0,-1.0,1.0
E5LNFX8C53w6B9wnfRvo45Dy5PHVQYGRWDTWxgrUpump,2024,honest_candidate,honest_candidate,0.0,1.0,-44.0,0.0,4.0,0.0,0.0,0.0,0.0,0.0,70.0,40.0,0.5714285714285714,2.1936805555555554,0.0
AM9BM3VNUh758fxkWPj6Gg14rGoW19YTnmZohV85e835,2024,honest_candidate,honest_candidate,0.0,1.0,-48.0,0.0,1.0,0.0,0.0,0.0,0.0,0.0,0.0,0.0,-1.0,-1.0,1.0
2NVghefqf3M2WHJGd2opN6jVCa24yCXhsR2V1YmUkt3U,2024,honest_candidate,honest_candidate,-1.0,1.0,-42.0,0.0,1.0,1.0,0.0,0.0,0.0,0.0,95.0,46.0,0.4842105263157895,1.7092013888888888,0.0
5YcFMa46zbLxtJKuvM7umMDuskTYzszYKPVZVkr5wQNW,2024,honest_candidate,honest_candidate,-1.0,-1.0,325.0,0.0,0.0,0.0,0.0,0.0,0.0,0.0,2.0,0.0,0.0,28.720416666666665,0.0
nauTSD9gbhBoR1npXBKfN1zp9nj92cTcADmvitjFFca,2024,honest_candidate,honest_candidate,1.0,0.999695277520844,-1.0,0.0,7.0,2.0,0.0,0.0,0.0,0.0,0.0,0.0,-1.0,-1.0,1.0
JDfCRuKX63x6UBS19MrCnBCqSHibudEp1inDCWYJ42xU,2024,honest_candidate,honest_candidate,-1.0,-1.0,-41.0,0.0,0.0,0.0,0.0,0.0,0.0,0.0,86.0,43.0,0.5,5.8528125,0.0
Dp6op4Z7KFaDYtgLqqPdw6obRrypGVquidnDrr5jpump,2024,honest_candidate,honest_candidate,0.0,1.0,-59.0,0.0,2.0,0.0,0.0,0.0,0.0,0.0,0.0,0.0,-1.0,-1.0,1.0
3YaKBKoCe7d2FMCDmuZXYQMhJ5TRN1gZKWuQfS1Z2zx6,2024,honest_candidate,honest_candidate,-1.0,1.0,218.0,0.0,2.0,0.0,0.0,0.0,0.0,0.0,0.0,0.0,-1.0,-1.0,1.0
54y5AoY8KPxT5puB5Jie3ubX9Pz2g1UsNf4Ci8BjHvBe,2024,honest_candidate,soft_rug,-1.0,1.0,-46.0,0.0,3.0,2.0,0.0,0.0,0.0,0.0,73.0,40.0,0.547945205479452,1.2216087962962963,0.0
12WRu4BdJk1yM3Nk433yg3S9GnxniUdueeu29iMPpump,2024,honest_candidate,honest_candidate,0.0,0.9857590003591398,-60.0,0.0,8.0,0.0,0.0,0.0,0.0,0.0,96.0,46.0,0.4791666666666667,3.2284953703703705,0.0
39gG4vRKt925wDff8yFaFhFZQKWkGPgN7cvJS7ouB6F8,2024,honest_candidate,honest_candidate,-1.0,-1.0,15.0,0.0,0.0,0.0,0.0,0.0,0.0,0.0,0.0,0.0,-1.0,-1.0,1.0
2YoHne7nbU2t9Cbkvj2Du3Gw87XayzTJ8cG8pkrbpump,2024,honest_candidate,soft_rug,0.0,1.0,-60.0,0.0,1.0,1.0,0.0,0.0,0.0,0.0,80.0,40.0,0.5,1.1632291666666668,0.0
CGNgNXHs2EHMQy9pj2fenSiXG7SoTCipNG3a3qczjNTB,2024,honest_candidate,honest_candidate,-1.0,-1.0,583.0,0.0,0.0,0.0,0.0,0.0,0.0,0.0,0.0,0.0,-1.0,-1.0,1.0
H1hSjQXs9PHeRF2MsqDfzsAzJQcw9NR3UMjU5ipEpump,2024,honest_candidate,honest_candidate,0.0,1.0,-16.0,0.0,1.0,0.0,0.0,0.0,0.0,0.0,88.0,44.0,0.5,5.638414351851852,0.0
28gBfdqoTdbVJnmqZK4hg9rZ7RGJk4Ru37VrbA15pump,2024,honest_candidate,honest_candidate,0.0,1.0,-60.0,0.0,1.0,0.0,0.0,0.0,0.0,0.0,65.0,39.0,0.6,1.6341898148148148,0.0
59cR9Gbw59ijsFkBdUKoxqBvrfFugSqGWW1sUWkKBdhg,2024,honest_candidate,honest_candidate,-1.0,1.0,-1.0,0.0,5.0,0.0,0.0,0.0,0.0,0.0,0.0,0.0,-1.0,-1.0,1.0
exRqAuXs967fDkymNXo4eqZEQihEubstBCXPXxwpump,2024,honest_candidate,honest_candidate,0.0,1.0,-31.0,0.0,4.0,0.0,0.0,0.0,0.0,0.0,81.0,40.0,0.49382716049382713,5.515324074074074,0.0
8o5EWiQYrg4xqT4E1zTkMKBGMjjLs2p3cMcojWQfpump,2024,honest_candidate,honest_candidate,-1.0,1.0,-57.0,0.0,2.0,0.0,0.0,0.0,0.0,0.0,61.0,38.0,0.6229508196721312,0.9304745370370371,0.0
394NHuubyRXDrxp2HhK8wGV4qcpaqMi4392SgcZSEyhf,2024,honest_candidate,soft_rug,-1.0,1.0,-53.0,0.0,4.0,1.0,0.0,0.0,0.0,0.0,54.0,34.0,0.6296296296296297,12.321284722222222,0.0
3MhXh7XR6mLzXzcxpAsj9qLzdmoKs7txbD5KsKbZ741b,2024,honest_candidate,honest_candidate,-1.0,-1.0,185.0,0.0,0.0,0.0,0.0,0.0,0.0,0.0,0.0,0.0,-1.0,-1.0,1.0
8o47HJsvFAaUpAFTcJfDnbinjaRWRsWpphCXNpphVias,2024,honest_candidate,honest_candidate,-1.0,-1.0,-1.0,0.0,0.0,0.0,0.0,0.0,0.0,0.0,0.0,0.0,-1.0,-1.0,1.0
2YJH1Y5NbdwJGEUAMY6hoTycKWrRCP6kLKs62xiSKWHM,2024,honest_candidate,honest_candidate,-1.0,1.0,304.0,0.0,1.0,0.0,0.0,0.0,0.0,0.0,0.0,0.0,-1.0,-1.0,1.0
BsvrN4e76s3yY9J7YXNZC6bqiaafvjmxt5MKcnn1pump,2024,honest_candidate,honest_candidate,-1.0,1.0,-20.0,0.0,1.0,0.0,0.0,0.0,0.0,0.0,0.0,0.0,-1.0,-1.0,1.0
A4QGrXZWLoEWSoe9H9gJmbj1G2rUSLzreLuVBU3GR1mx,2024,honest_candidate,honest_candidate,-1.0,-1.0,-1.0,0.0,0.0,0.0,0.0,0.0,0.0,0.0,0.0,0.0,-1.0,-1.0,1.0
GT7ksoBf5XpceDEitBNbay7U13zqwbh6HtDiMpU9pump,2024,honest_candidate,soft_rug,0.0,1.0,-58.0,0.0,4.0,3.0,0.0,0.0,0.0,0.0,104.0,50.0,0.4807692307692308,1.2965625,0.0
Bfbx6LdftKebYUtLFGQYkHHZvLZT9pkAC8euDwDKnELU,2024,honest_candidate,honest_candidate,1.0,-1.0,62.0,0.0,0.0,1.0,0.0,0.0,0.0,0.0,0.0,0.0,-1.0,-1.0,1.0
EKTuVc5eyWkHMEKJW8q87GsdgBWPYJr8mupcjPt2iXFn,2024,honest_candidate,honest_candidate,0.0,0.9970666014043343,-59.0,0.0,6.0,0.0,0.0,0.0,0.0,0.0,0.0,0.0,-1.0,-1.0,1.0
BtVaNVWwmwYduooHqZiRctiqMDZN9nWYFcLFhMstfgb3,2024,honest_candidate,honest_candidate,-1.0,1.0,-38.0,0.0,5.0,0.0,0.0,0.0,0.0,0.0,49.0,34.0,0.6938775510204082,3.1582523148148147,0.0
7KhMizRZWzZZytUbm1wem3nDKpTPt1u4HFCS6uGQdXxq,2024,honest_candidate,honest_candidate,0.3523991333769914,0.9746810546086231,-1.0,0.0,7.0,0.0,0.0,0.0,0.0,0.0,0.0,0.0,-1.0,-1.0,1.0
6y56NYaUtKtjT5LKrVvZ3rsLnKyQ96phU3ckSARUkNax,2024,honest_candidate,honest_candidate,-1.0,1.0,3.0,0.0,1.0,0.0,0.0,0.0,0.0,0.0,53.0,34.0,0.6415094339622641,11.367465277777777,0.0
3ekvLri6q3xtTcVFxvqVjWyxMfy9gSR54J1nByUSKB1b,2024,honest_candidate,soft_rug,-1.0,1.0,5.0,0.0,4.0,1.0,0.0,0.0,0.0,0.0,74.0,40.0,0.5405405405405406,1.0014930555555555,0.0
CBbZ4VD6UxiJjGJzTau5wdTWdNK9LixByU1dcvNjvaZj,2024,honest_candidate,honest_candidate,0.0,1.0,-1.0,0.0,5.0,0.0,1.0,1.0,0.0,0.0,0.0,0.0,-1.0,-1.0,1.0
4Fa1Th2gCei9EreeqsRrwa2E24vPwaDG7tdzGj4b8vrZ,2024,honest_candidate,honest_candidate,0.0,1.0,-1.0,0.0,5.0,0.0,1.0,1.0,0.0,0.0,0.0,0.0,-1.0,-1.0,1.0
GF4ZjBfyUwT8b3gAnjAuFx7CUwGeaFojxUdMuMzt8xRQ,2024,honest_candidate,honest_candidate,-1.0,1.0,344.0,0.0,2.0,0.0,0.0,0.0,0.0,0.0,0.0,0.0,-1.0,-1.0,1.0
9ZFjHvmF3jJKhiK9pzjo6Yt7GNJJo6NsxxWZmbsECETA,2024,honest_candidate,honest_candidate,-1.0,1.0,-25.0,0.0,3.0,0.0,0.0,0.0,0.0,0.0,1.0,0.0,0.0,13.603946759259259,0.0
RbGfgq58ch7MpLiiyRRNbBhURUfMZj5um8MhvKpWjFj,2024,honest_candidate,honest_candidate,-1.0,-1.0,-1.0,0.0,0.0,0.0,0.0,0.0,0.0,0.0,90.0,45.0,0.5,2.377013888888889,0.0
BsQvDWQ4mKWarKAG2HWfbGa9aM25KagUsBhyDC3QN5PS,2024,honest_candidate,soft_rug,1.0,1.0,310.0,0.0,1.0,0.0,0.0,0.0,0.0,0.0,0.0,0.0,-1.0,-1.0,1.0
7wXiLMmRzD21cDR1pvgneiYGqr5ZRbuwehccGKexEnzr,2024,honest_candidate,honest_candidate,-1.0,1.0,-13.0,0.0,4.0,0.0,0.0,0.0,0.0,0.0,0.0,0.0,-1.0,-1.0,1.0
7kvwLGSo9HkamnQSigZDz23Ydvb4D55Lm7qjFMJUgu3k,2024,honest_candidate,honest_candidate,-1.0,-1.0,-22.0,0.0,0.0,0.0,0.0,0.0,0.0,0.0,51.0,34.0,0.6666666666666666,3.2720949074074075,0.0
8oaqwLABM5vscmNWQkMRNUoQ653fED8yYazNjbTHWUEa,2024,honest_candidate,honest_candidate,-1.0,1.0,22.0,0.0,2.0,0.0,0.0,0.0,0.0,0.0,40.0,27.0,0.675,1.8668055555555556,0.0
4WQ81e9XgPNvHMRZJ9ttWNnQpWxetDWBW8Aspgt9KcFo,2024,honest_candidate,honest_candidate,0.0,0.999751817287619,-1.0,0.0,7.0,0.0,1.0,1.0,0.0,0.0,0.0,0.0,-1.0,-1.0,1.0
E4HveXsrmcwSWjsECFUjfc5cTW39gnYfAU3ZWZ7hpump,2024,honest_candidate,honest_candidate,1.0,1.0,88.0,0.0,3.0,1.0,0.0,0.0,0.0,0.0,0.0,0.0,-1.0,-1.0,1.0
5oLoB54Pzkm9AEXpC46M927SKUF4F75zh1q7xZzFSjQR,2024,honest_candidate,honest_candidate,0.0,1.0,-1.0,0.0,5.0,0.0,1.0,1.0,0.0,0.0,0.0,0.0,-1.0,-1.0,1.0
8PtCnxTqpazzYoiFn9HUN4eR6gjRB35JcXMi5GXMy6ZJ,2024,honest_candidate,honest_candidate,-1.0,0.9112596995058758,-43.0,0.0,984.0,1.0,0.0,0.0,0.0,0.0,85.0,43.0,0.5058823529411764,0.326712962962963,0.0
HegVARsSCQdMev7FXGYofHG7SdJXmwZSMrFiqNbVpump,2024,honest_candidate,honest_candidate,0.0,1.0,-60.0,0.0,2.0,0.0,0.0,0.0,0.0,0.0,76.0,40.0,0.5263157894736842,5.870625,0.0
4xBEoJFNxRY7ZyUPEFmWwHrGzYN5uqzsAH94DTvBv3b1,2024,honest_candidate,honest_candidate,-1.0,-1.0,-52.0,0.0,0.0,0.0,0.0,0.0,0.0,0.0,0.0,0.0,-1.0,-1.0,1.0
7rTA2E69mLtSjjV7c3FkPnkbnv7mHMGF2fJ5bpaUWw8x,2024,honest_candidate,honest_candidate,0.0,1.0,-53.0,0.0,1.0,0.0,0.0,0.0,0.0,0.0,2.0,1.0,0.5,34.02092592592592,0.0
2ZpmY9iSdbSZVkuv64Y467FcQ5vJegbUTTMr4YJyjb2X,2024,honest_candidate,soft_rug,0.9749999999999778,1.0,-1.0,0.0,5.0,0.0,0.0,0.0,0.0,0.0,0.0,0.0,-1.0,-1.0,1.0
Gqxt2SXhEUCCF4bEgBR1sx5u1o87LVcAcX9irqSvXhm7,2024,honest_candidate,honest_candidate,0.0,0.9994159612298269,-1.0,0.0,7.0,0.0,1.0,1.0,0.0,0.0,0.0,0.0,-1.0,-1.0,1.0
P5wLU6FA6y9QpKbfCoFSnYyMJsvDXQnj9cQtWG5pump,2024,honest_candidate,honest_candidate,0.0,1.0,-45.0,0.0,3.0,0.0,0.0,0.0,0.0,0.0,0.0,0.0,-1.0,-1.0,1.0
Hp4XeAZ5EhKnFGm8Yv5GhZYmspNXGWV8SoRXPz91ZUab,2024,hard_rug,hard_rug,-1.0,-1.0,207.0,0.0,0.0,0.0,0.0,0.0,0.0,0.0,0.0,0.0,-1.0,-1.0,1.0
UutVe14D7KVKdLzDtbKmWet2jo6wVfw8aMHovr6wMs5,2024,hard_rug,hard_rug,-1.0,-1.0,657.0,0.0,0.0,0.0,0.0,0.0,0.0,0.0,0.0,0.0,-1.0,-1.0,1.0
7CSWFsrB3gPc5o5hxKTJCUbFDq4QyTWpjVG76S1Xpump,2024,hard_rug,hard_rug,0.0,0.9036153097914805,-58.0,0.0,8.0,1.0,0.0,0.0,0.0,0.0,98.0,47.0,0.47959183673469385,2.4047569444444443,0.0
7fCzz6ZDHm4UWC9Se1RPLmiyeuQ6kStxpcAP696EuE1E,2024,hard_rug,hard_rug,-1.0,-1.0,-1.0,0.0,0.0,0.0,0.0,0.0,0.0,0.0,0.0,0.0,-1.0,-1.0,1.0
Fpg6PNVyzZkBHNA49UzBozDbq4ZEa9wdMhxcrK1DuZyh,2024,hard_rug,hard_rug,-1.0,1.0,177.0,0.0,1.0,0.0,0.0,0.0,0.0,0.0,0.0,0.0,-1.0,-1.0,1.0
6J8Aeu1XK6zxHrxNAMEzNKcAnWG3vBFGtG7yUCJgVAkz,2024,hard_rug,hard_rug,-1.0,-1.0,-22.0,0.0,0.0,0.0,0.0,0.0,0.0,0.0,0.0,0.0,-1.0,-1.0,1.0
5RaoNsNzFUGKFnpaWqbzY5S2FaXAtg3btVgekGDNpump,2024,hard_rug,hard_rug,0.0,1.0,-45.0,0.0,4.0,1.0,0.0,0.0,0.0,0.0,68.0,39.0,0.5735294117647058,0.40283564814814815,0.0
DQLRNWu11GqwAzvLLBsPPoL8tnwHiyTknH6578r9K5qp,2024,hard_rug,hard_rug,-1.0,-1.0,875.0,0.0,0.0,0.0,0.0,0.0,0.0,0.0,0.0,0.0,-1.0,-1.0,1.0
2VHooBrD8tNnfyhiPGPbwqryqNooNgD9nMj2QFDE68Yr,2024,hard_rug,hard_rug,-1.0,-1.0,-1.0,0.0,0.0,0.0,0.0,0.0,0.0,0.0,0.0,0.0,-1.0,-1.0,1.0
AMcc8Pe9PKZLbE6C7iE7fdUW6DEfcC4KcKuyKAruiUD3,2024,hard_rug,hard_rug,-1.0,-1.0,-56.0,0.0,0.0,0.0,0.0,0.0,0.0,0.0,89.0,44.0,0.4943820224719101,6.790752314814815,0.0
H4hoQqj6mLJmbjq43udiFcEUc9dU3CCH1vdQ1A1QW757,2024,hard_rug,hard_rug,-1.0,1.0,6.0,0.0,1.0,1.0,0.0,0.0,0.0,0.0,44.0,29.0,0.6590909090909091,7.1502893518518515,0.0
2oQFEuG148nHm7xxxSU1sTVYUJRYWQHvntsTTCyjQgiG,2024,hard_rug,hard_rug,-1.0,0.8828927394636683,-1.0,0.0,13.0,12.0,0.0,0.0,0.0,0.0,0.0,0.0,-1.0,-1.0,1.0
9K8cCex7WiCbrP5Hpyu2RWTwjP1Saqk1UqUntjK64zNX,2024,hard_rug,hard_rug,-1.0,-1.0,383.0,0.0,0.0,0.0,0.0,0.0,0.0,0.0,84.0,42.0,0.5,5.011956018518519,0.0
J8AKFSgHEJRbY2NVGr62v8SGCXhpMJ7VdWLf8D9Piy6N,2024,hard_rug,hard_rug,-1.0,0.8232706252817792,-1.0,0.0,17.0,17.0,0.0,0.0,0.0,0.0,0.0,0.0,-1.0,-1.0,1.0
6tx3CxVEwQ8LP9HaLK8D8CTXESfRbGrcuZmH8RCgVMLQ,2024,hard_rug,hard_rug,-1.0,1.0,-1.0,0.0,1.0,0.0,0.0,0.0,0.0,0.0,0.0,0.0,-1.0,-1.0,1.0
2jC3JpEk1CM63F4d6tuevbBonApwVE2AZfE5yT3UEz9N,2024,hard_rug,hard_rug,0.0,0.6955391806865023,-60.0,0.0,13.0,0.0,0.0,0.0,0.0,0.0,57.0,36.0,0.631578947368421,1.227789351851852,0.0
3DyV6DSagrPZuW49cxRAknBYde1coRq9EWjRDJWsKnTg,2024,hard_rug,hard_rug,-1.0,-1.0,751.0,0.0,0.0,0.0,0.0,0.0,0.0,0.0,0.0,0.0,-1.0,-1.0,1.0
2HQNZnHC5uz9duy3YMWAp75KXQ3nSCymeJR7Yh3Mpump,2024,hard_rug,hard_rug,0.0,0.9949938079094053,-59.0,0.0,6.0,0.0,0.0,0.0,0.0,0.0,0.0,0.0,-1.0,-1.0,1.0
2T94vBSBf3GGnnmonvcLJFeNb5q671ZDyJK3FPaoSXPP,2024,hard_rug,hard_rug,-1.0,-1.0,-1.0,0.0,0.0,0.0,0.0,0.0,0.0,0.0,0.0,0.0,-1.0,-1.0,1.0
Djmg7MZSgacEUVKgrN3tZG4n5kHLyU54xBJWowGzpump,2024,hard_rug,hard_rug,0.0,1.0,-56.0,0.0,3.0,2.0,0.0,0.0,0.0,0.0,83.0,41.0,0.4939759036144578,0.0954050925925926,0.0
G8svWrsGepijxVWsnEGtdxikqYkUUEByV1zFJrySsj6S,2024,hard_rug,hard_rug,1.0,1.0,-1.0,0.0,1.0,0.0,0.0,0.0,0.0,0.0,0.0,0.0,-1.0,-1.0,1.0
9yxeeW9Kh6svF4PGPGK1WtPBDMhVxEZmLBjKXYD3wwib,2024,hard_rug,hard_rug,-1.0,-1.0,-58.0,0.0,0.0,0.0,0.0,0.0,0.0,0.0,35.0,22.0,0.6285714285714286,1.8384143518518519,0.0
5AhoBEZCxALMVYZNjnLtizM5dX2V66mmGhsawfvCH1mW,2024,hard_rug,hard_rug,-1.0,1.0,64.0,0.0,2.0,0.0,0.0,0.0,0.0,0.0,36.0,23.0,0.6388888888888888,1.1402199074074073,0.0
7SVJahgjBoAkGKWx6iZwmwmzgiJ4nGDnRnuD19cfoQQe,2024,hard_rug,hard_rug,-1.0,-1.0,-60.0,0.0,0.0,0.0,0.0,0.0,0.0,0.0,0.0,0.0,-1.0,-1.0,1.0
4jD2DMKzrvJPqBMBT4wzBe7SkfxgHaBq7D5WAAHqs5iD,2024,hard_rug,hard_rug,-1.0,-1.0,694.0,0.0,0.0,0.0,0.0,0.0,0.0,0.0,33.0,20.0,0.6060606060606061,9.787731481481481,0.0
5cU8USeVxDDP1WwnCEPQj9g4vV2Qk2J6nSRUQanux9eQ,2024,hard_rug,hard_rug,-1.0,1.0,-1.0,0.0,1.0,0.0,0.0,0.0,0.0,0.0,0.0,0.0,-1.0,-1.0,1.0
4gDCHK6jsPsdZi84N4rY6ACecxBJWsYkcfHhf8bHpump,2024,hard_rug,hard_rug,0.0,1.0,-16.0,0.0,1.0,0.0,0.0,0.0,0.0,0.0,0.0,0.0,-1.0,-1.0,1.0
B94gYjJWCx15RsSL949mwdrzX4aV3ne4F4DuExWCpump,2024,hard_rug,hard_rug,-1.0,-1.0,-1.0,0.0,0.0,0.0,0.0,0.0,0.0,0.0,0.0,0.0,-1.0,-1.0,1.0
EsmVDCFt9EJ5xiv5ZtXyxXEBEGKxLrzxnKFrjdg7UQmc,2024,hard_rug,hard_rug,0.0,1.0,-53.0,0.0,2.0,0.0,0.0,0.0,0.0,0.0,48.0,33.0,0.6875,9.732465277777777,0.0
7i7Dir8A1Vj5gd5wnxBZ5NcisCbJrQ8xjCfoYppYEKo9,2024,hard_rug,hard_rug,-1.0,1.0,1415.0,0.0,1.0,0.0,0.0,0.0,0.0,0.0,0.0,0.0,-1.0,-1.0,1.0
GnAgB12E9tLwroteviA7ZwEJBSz8Y2fQvVdLxazaEmEc,2024,hard_rug,hard_rug,-1.0,1.0,-58.0,0.0,4.0,0.0,0.0,0.0,0.0,0.0,0.0,0.0,-1.0,-1.0,1.0
3HuYzGCTAYaYnQRTRx4Ut6yntFMKA2rc3qTfocxvZ4JU,2024,hard_rug,hard_rug,-1.0,-1.0,-1.0,0.0,0.0,0.0,0.0,0.0,0.0,0.0,0.0,0.0,-1.0,-1.0,1.0
5jb4AYViuomfHD1bgbhxFcDagEbM5UNYWwbbYbiZkwdj,2024,hard_rug,hard_rug,0.0,1.0,-60.0,0.0,3.0,0.0,0.0,0.0,0.0,0.0,0.0,0.0,-1.0,-1.0,1.0
5sAqKYRgZi34kv9Gno6ubDDZGPVuDpRLhAMhqtNnwnHP,2024,hard_rug,hard_rug,1.0,1.0,38.0,0.0,4.0,0.0,0.0,0.0,0.0,0.0,0.0,0.0,-1.0,-1.0,1.0
HXFfRjt4G5yjLLmuJYr3zy8EpD11dk7dp4cvspN8f2uU,2024,hard_rug,hard_rug,0.030309562184326424,0.8109317147580518,-1.0,0.0,21.0,0.0,0.0,0.0,0.0,0.0,0.0,0.0,-1.0,-1.0,1.0
8BnZ17s9pAd3g7s7jSPr2efXLEdKHMajqPYEkcSjmdm1,2024,hard_rug,hard_rug,-1.0,-1.0,-30.0,0.0,0.0,0.0,0.0,0.0,0.0,0.0,43.0,28.0,0.6511627906976745,6.364606481481482,0.0
DTjnZkb2b3JsssKvSnp55KQFRReUTt3DoMmosw9N3dkw,2024,hard_rug,hard_rug,0.0,1.0,-35.0,0.0,1.0,1.0,0.0,0.0,0.0,0.0,38.0,25.0,0.6578947368421053,4.502048611111111,0.0
7w59dvaYFS7WzZhRSmy3wVUhk1TgLSBG48cFis8pump,2024,hard_rug,hard_rug,1.0,1.0,-15.0,0.0,3.0,1.0,0.0,0.0,0.0,0.0,82.0,40.0,0.4878048780487805,1.4106944444444445,0.0
3mJq67c5wJxS4QHaZ3mnq9jbMcNVtSbLm5QLbKpspump,2024,hard_rug,hard_rug,0.0,1.0,-56.0,0.0,3.0,1.0,0.0,0.0,0.0,0.0,101.0,49.0,0.48514851485148514,0.848587962962963,0.0
8qW3c1TWGkPYttDksJkv11pTxhRvyGAx3h4qnPznMg5N,2024,hard_rug,hard_rug,-1.0,-1.0,-1.0,0.0,0.0,0.0,1.0,1.0,0.0,0.0,0.0,0.0,-1.0,-1.0,1.0
DiQoqjX8QMziChe3XpzjEcRnoLc3Re4XdmtmKb9Jpump,2024,hard_rug,hard_rug,-1.0,1.0,-18.0,0.0,1.0,0.0,0.0,0.0,0.0,0.0,60.0,37.0,0.6166666666666667,0.9630902777777778,0.0
5Gg5inuau2Cyapux1ZbLwUSggRbVspDDMKJad8g4zmCU,2024,hard_rug,hard_rug,-1.0,1.0,33.0,0.0,1.0,0.0,0.0,0.0,0.0,0.0,0.0,0.0,-1.0,-1.0,1.0
7i3L2MQaguxh3rPfMeJspZdLhSVZDS8VzoFRfsBD5q3N,2024,hard_rug,hard_rug,0.0,0.7371571472712999,-29.0,0.0,9.0,0.0,0.0,0.0,0.0,0.0,0.0,0.0,-1.0,-1.0,1.0
GxPy2FUCRNmVZVWGfKZHx3J3nWDmGX7EPxX97GQJhHX9,2024,hard_rug,hard_rug,-1.0,-1.0,244.0,0.0,0.0,0.0,0.0,0.0,0.0,0.0,0.0,0.0,-1.0,-1.0,1.0
2f73rvsiw6xhVyqmnRHAth3n8oNyZHFqYNQdtYx3YoK6,2024,hard_rug,hard_rug,0.0,1.0,-60.0,0.0,2.0,0.0,0.0,0.0,0.0,0.0,42.0,27.0,0.6428571428571429,1.5300578703703704,0.0
HjUhUzi6fVkY1BndaSc4Dcg2mCzvnqzXjVJtXsj78ver,2024,hard_rug,hard_rug,-1.0,-1.0,-1.0,0.0,0.0,0.0,0.0,1.0,0.0,0.0,0.0,0.0,-1.0,-1.0,1.0
Cc6HKJv4EsVR6PMr3D4cU8F6BqpfNqsVQY3yGSgNjBij,2024,hard_rug,hard_rug,-1.0,1.0,-57.0,0.0,1.0,0.0,0.0,0.0,0.0,0.0,87.0,43.0,0.4942528735632184,3.4731597222222224,0.0
FxXYkTVBSaQxAFYABvJ1AykH2aAa1B53VqhEEJiGRDFq,2024,hard_rug,hard_rug,-1.0,-1.0,20.0,0.0,0.0,0.0,0.0,0.0,0.0,0.0,47.0,32.0,0.6808510638297872,0.2042013888888889,0.0
FpTyW2BFgZjXaSUVE41WHocgJyptyk7nmxq3nsQkEPLn,2024,hard_rug,hard_rug,1.0,1.0,210.0,0.0,1.0,1.0,0.0,0.0,0.0,0.0,0.0,0.0,-1.0,-1.0,1.0
G65cADQtt9fZMyuU5vZxCZoimNGQENxE1112C8e4wUeM,2024,hard_rug,hard_rug,-1.0,-1.0,-1.0,0.0,0.0,0.0,0.0,0.0,0.0,0.0,1.0,0.0,0.0,32.410069444444446,0.0
4thHVGjBPGdwUa6FzPEZByZqaHbvex8WDsHLY4rJMPoA,2024,hard_rug,hard_rug,-1.0,-1.0,-23.0,0.0,0.0,0.0,0.0,0.0,0.0,0.0,45.0,30.0,0.6666666666666666,1.1004282407407406,0.0
7o5h74jgV7QoiUseQpi9jUcoGJk7vUQjn5tDmTafbTfv,2024,hard_rug,hard_rug,-1.0,-1.0,-1.0,0.0,0.0,0.0,0.0,0.0,0.0,0.0,0.0,0.0,-1.0,-1.0,1.0
ALVRbKh9CPysLJj5NpBSmdy8pxZrsGqR5iMMRBMkC5cM,2024,hard_rug,hard_rug,-1.0,1.0,-60.0,0.0,3.0,1.0,0.0,0.0,0.0,0.0,99.0,48.0,0.48484848484848486,4.9664930555555555,0.0
Gjmz4e1eJ423d9uNME5TAqHminz7ane7qNvBaXKY1QSh,2024,hard_rug,hard_rug,-1.0,-1.0,390.0,0.0,0.0,0.0,0.0,0.0,0.0,0.0,39.0,26.0,0.6666666666666666,9.167002314814814,0.0
fzqb9SafsXH9ghyvaYTN6dpEUAvgR6brL4TDBduadm6,2024,hard_rug,hard_rug,0.0,1.0,-60.0,0.0,1.0,0.0,0.0,1.0,0.0,0.0,56.0,35.0,0.625,15.951284722222223,0.0
e2yBRmwFW7hxQ1oHkTuF5QDpL1JTbpJ47pfFCwxnGHm,2024,hard_rug,hard_rug,-1.0,-1.0,1081.0,0.0,0.0,0.0,0.0,0.0,0.0,0.0,34.0,21.0,0.6176470588235294,4.631863425925926,0.0
DggGvUaEjFBzoWHY5kDiCUmdhjxjrpWYRhNz6Dxh6dnS,2024,hard_rug,hard_rug,-1.0,1.0,-52.0,0.0,2.0,0.0,0.0,0.0,0.0,0.0,0.0,0.0,-1.0,-1.0,1.0
5A4Nj1CTEtxMTE1KKAqdhYMjacc5Lz26x3fvBJuFbV35,2024,hard_rug,hard_rug,-1.0,-1.0,37.0,0.0,0.0,0.0,0.0,1.0,0.0,0.0,0.0,0.0,-1.0,-1.0,1.0
EeE9rWdV5W19ekbgehofrnnWHRCNuFt9ZHqmcxxKjkHp,2024,hard_rug,hard_rug,-1.0,-1.0,1417.0,0.0,0.0,0.0,0.0,0.0,0.0,0.0,37.0,24.0,0.6486486486486487,0.11810185185185185,0.0
3n1rNd7KrPv1CMMJxKWCBqo5ZUJDBuPsGbqSZ6pEgZG5,2024,hard_rug,hard_rug,-1.0,-1.0,375.0,0.0,0.0,0.0,0.0,0.0,0.0,0.0,55.0,34.0,0.6181818181818182,4.089085648148148,0.0
Hvp9RapsGHA9faJvha9WUefE3YL2D47e8asnZGig4vKt,2024,hard_rug,hard_rug,-1.0,1.0,7.0,0.0,1.0,0.0,0.0,0.0,0.0,0.0,0.0,0.0,-1.0,-1.0,1.0
3hUhjNhf56w3B9CovbWinVGdi4cyDMbRuqMpVuSyBZGu,2024,hard_rug,hard_rug,-1.0,1.0,152.0,0.0,1.0,0.0,0.0,0.0,0.0,0.0,46.0,31.0,0.6739130434782609,6.917199074074074,0.0
BSoez9qiC354EfGy7aki1EZcBxyFZFgq6DG5ifASLUwz,2024,hard_rug,hard_rug,-1.0,-1.0,-56.0,0.0,0.0,0.0,0.0,0.0,0.0,0.0,0.0,0.0,-1.0,-1.0,1.0
4vuwYtvhbv2acvPrYdBRHE6ragGLCKqeFibGT6RksS5R,2024,hard_rug,hard_rug,-1.0,1.0,-53.0,0.0,1.0,0.0,0.0,0.0,0.0,0.0,32.0,19.0,0.59375,2.841736111111111,0.0
2M3CsdVT7hBRiSYwUzmLbzvf2q4RxnbsFxz7XF5Gzyw4,2024,hard_rug,hard_rug,-1.0,-1.0,955.0,0.0,0.0,0.0,0.0,0.0,0.0,0.0,0.0,0.0,-1.0,-1.0,1.0
2js38d1gkvgUrS19jNdHkKbqSkbnW4kAPtAQh3GkM4Jw,2024,hard_rug,hard_rug,-1.0,1.0,578.0,0.0,3.0,0.0,0.0,0.0,0.0,0.0,0.0,0.0,-1.0,-1.0,1.0
BMfT9AdXTjBqUXTQKtugjAY7kRCWdbpSFrzS86dnnPnq,2024,hard_rug,hard_rug,-1.0,1.0,-56.0,0.0,2.0,0.0,0.0,0.0,0.0,0.0,0.0,0.0,-1.0,-1.0,1.0
12SrD4cupaxtEe7fuR3sBYDRV16jwmvU4iYT5syKpBek,2024,hard_rug,hard_rug,-1.0,1.0,-1.0,0.0,1.0,0.0,0.0,0.0,0.0,0.0,0.0,0.0,-1.0,-1.0,1.0
B377VZfFr8bUGKP9ZY8P7s4uSWmAH4NDamGWEenqad1A,2024,hard_rug,hard_rug,-1.0,-1.0,-1.0,0.0,0.0,0.0,0.0,0.0,0.0,0.0,0.0,0.0,-1.0,-1.0,1.0
3gKBeBzi59kCFkuKDj1SiBSyqXVBpC2RwVUoKQWubvzH,2024,hard_rug,hard_rug,-1.0,1.0,-59.0,0.0,1.0,1.0,0.0,0.0,0.0,0.0,97.0,46.0,0.4742268041237113,1.948773148148148,0.0
2RmKsDJtawcEUcinFii5acSLJyme4swRRbgPGmt9AeEp,2024,hard_rug,hard_rug,0.0,1.0,-58.0,0.0,4.0,10.0,0.0,0.0,0.0,0.0,94.0,45.0,0.4787234042553192,2.147951388888889,0.0
JE5nZnRYPWWUxfZBRBqsK7p57PFbXtwNK2ZVEkT72wo5,2024,hard_rug,hard_rug,-1.0,-1.0,-1.0,0.0,0.0,0.0,0.0,0.0,0.0,0.0,0.0,0.0,-1.0,-1.0,1.0
wTHQbSCcZ83fzoZYS2v6rYjqeZe57mcrMLGWNe9chiJ,2024,hard_rug,hard_rug,0.0,1.0,-1.0,0.0,2.0,0.0,0.0,0.0,0.0,0.0,0.0,0.0,-1.0,-1.0,1.0
7v9NytNNs2jZWdNL4yFaGUqBnorxM9thcViKB6RP9XVq,2024,hard_rug,hard_rug,-1.0,1.0,-1.0,0.0,1.0,0.0,0.0,0.0,0.0,0.0,0.0,0.0,-1.0,-1.0,1.0
C57PMKgMZFhiYhGM6tA5HsTMosRH22ET3HhE6HJKpump,2024,hard_rug,hard_rug,-1.0,1.0,-51.0,0.0,1.0,0.0,0.0,0.0,0.0,0.0,2.0,0.0,0.0,152.52439814814815,0.0
A9N3ddsKM6LPZMYMwNizC6oMyXzuCWmNWHESHxX2cj8n,2024,hard_rug,hard_rug,-1.0,1.0,-55.0,0.0,4.0,1.0,0.0,0.0,0.0,0.0,64.0,38.0,0.59375,20.66513888888889,0.0
o1wAfNUr2J4bK6dtw2wFcv7hwoavGAUEf4NfE2yRi9P,2024,hard_rug,hard_rug,0.0,1.0,-58.0,0.0,2.0,0.0,0.0,0.0,0.0,0.0,0.0,0.0,-1.0,-1.0,1.0
3Ztt53vwGhQGoEp3n1RjSu4CFnGRfqzwo6L8KN8gmXfd,2021,honest_candidate,honest_candidate,0.02228299446101142,0.5340372108831363,-1.0,0.0,97.0,0.0,0.0,0.0,0.0,0.0,0.0,0.0,-1.0,-1.0,1.0
8H4eH19o9yYWCGFQLe37fQhn9Jkb5TUVw8bwW9cmHNfu,2021,honest_candidate,honest_candidate,-1.0,1.0,-1.0,0.0,1.0,0.0,0.0,0.0,0.0,0.0,0.0,0.0,-1.0,-1.0,1.0
EWS2ATMt5fQk89NWLJYNRmGaNoji8MhFZkUB4DiWCCcz,2021,honest_candidate,honest_candidate,-1.0,1.0,622.0,0.0,1.0,0.0,0.0,0.0,0.0,0.0,0.0,0.0,-1.0,-1.0,1.0
B3Ggjjj3QargPkFTAJiR6BaD8CWKFUaWRXGcDQ1nyeeD,2021,honest_candidate,honest_candidate,1.0,1.0,-1.0,0.0,3.0,0.0,0.0,0.0,0.0,0.0,0.0,0.0,-1.0,-1.0,1.0
3xVf2hPbkE5TuZNUPLQXFgFLD4LpvCM45BodbPmnpSSV,2021,honest_candidate,honest_candidate,-1.0,-1.0,1794.0,0.0,0.0,0.0,0.0,0.0,0.0,0.0,4.0,3.0,0.75,3.279675925925926,0.0
NA45Qgq1xn2EcrrKik7o9rVPMSgmDXK6kv8134Q8ADW,2021,honest_candidate,honest_candidate,-1.0,-1.0,0.0,0.0,0.0,0.0,0.0,0.0,0.0,0.0,10.0,5.0,0.5,1.1712152777777778,0.0
AVKnbqNQgXDY8kbnno9eSGfwpVz5idimBnDKiz1vbWAh,2021,honest_candidate,honest_candidate,-1.0,0.759957312882104,-1.0,0.0,17.0,0.0,0.0,0.0,0.0,0.0,0.0,0.0,-1.0,-1.0,1.0
At5j3zhbEj8mfFsSy1MPbjVhrX2uNmRMPEDZiyFcETNX,2021,honest_candidate,honest_candidate,-1.0,-1.0,-1.0,0.0,0.0,0.0,0.0,0.0,0.0,0.0,0.0,0.0,-1.0,-1.0,1.0
7uv3ZvZcQLd95bUp5WMioxG7tyAZVXFfr8JYkwhMYrnt,2021,honest_candidate,honest_candidate,-1.0,1.0,-1.0,0.0,1.0,0.0,0.0,0.0,0.0,0.0,0.0,0.0,-1.0,-1.0,1.0
HkNokfCXG33eu5vCcS49mq3jZcKZeQSQCyta964YxxYg,2021,honest_candidate,honest_candidate,-1.0,-1.0,662.0,0.0,0.0,0.0,0.0,0.0,0.0,0.0,5.0,3.0,0.6,27.83398148148148,0.0
BqRtfrNpvRAW3KW319hvhPoTu76wKU2LTdXJyG9CyDze,2021,honest_candidate,honest_candidate,0.0,1.0,-1.0,0.0,1.0,0.0,0.0,0.0,0.0,0.0,0.0,0.0,-1.0,-1.0,1.0
9F9fNTT6qwjsu4X4yWYKZpsbw5qT7o6yR2i57JF2jagy,2021,honest_candidate,honest_candidate,-1.0,-1.0,-1.0,0.0,0.0,0.0,0.0,0.0,0.0,0.0,0.0,0.0,-1.0,-1.0,1.0
5HHv6HAyBtaihyHEapCJvjE6iRbGLRmm3F5EZjz6EzHV,2021,honest_candidate,honest_candidate,-1.0,-1.0,-1.0,0.0,0.0,0.0,0.0,0.0,0.0,0.0,0.0,0.0,-1.0,-1.0,1.0
puppy8Lhckjh768j7vCPLr4244a64ZqioskcXxyb4rC,2021,honest_candidate,honest_candidate,-1.0,-1.0,81.0,0.0,0.0,0.0,0.0,0.0,0.0,0.0,6.0,3.0,0.5,3.7146412037037035,0.0
GJQ1iDoPWWo7pXeNKhC9BLD3FHL2tgFEVGMHYGEfQZT,2021,honest_candidate,honest_candidate,-1.0,-1.0,-3.0,0.0,0.0,0.0,0.0,0.0,0.0,0.0,7.0,3.0,0.42857142857142855,8.219236111111112,0.0
7Nu9ZwWesTxsp6fAiPKDRZs5d8MJdVLwzGNuSURLbL1r,2021,hard_rug,hard_rug,-1.0,-1.0,-1.0,0.0,0.0,0.0,0.0,0.0,0.0,0.0,0.0,0.0,-1.0,-1.0,1.0
E9bjYSAqabYAd2Zaev4qAMVNAiX7Z2Dp4Sn1JgsTn2b6,2021,hard_rug,hard_rug,-1.0,-1.0,619.0,0.0,0.0,0.0,0.0,0.0,0.0,0.0,9.0,4.0,0.4444444444444444,3.4378125,0.0
9KYMTqKY7f2cJKW2wYfNRpLb9zbB1tTyEbaTuzy4Gwwc,2021,hard_rug,hard_rug,-1.0,-1.0,-1.0,0.0,0.0,0.0,0.0,0.0,0.0,0.0,1.0,0.0,0.0,12.350868055555555,0.0
CbgX2r9YDYjamH85fpMcRfAUxz7wDHrcvh4VwUADFhmq,2021,hard_rug,hard_rug,-1.0,-1.0,165.0,0.0,0.0,0.0,0.0,0.0,0.0,0.0,2.0,1.0,0.5,29.047997685185184,0.0
6zQwyDe541Ys4Q85vkhvHMMRW7ypA4PyHCSF1doWZ4tw,2021,hard_rug,hard_rug,-1.0,-1.0,-1.0,0.0,0.0,0.0,0.0,0.0,0.0,0.0,0.0,0.0,-1.0,-1.0,1.0
5j6BmiZTfHssaWPT23EQYQci3w57VTw7QypKArQZbSZ9,2021,hard_rug,hard_rug,-1.0,-1.0,-1.0,0.0,0.0,0.0,0.0,0.0,0.0,0.0,0.0,0.0,-1.0,-1.0,1.0
3mXx1bNiB5bhgwznk4eeqM9eoy6DU3CeCkm1LPabeoEh,2021,hard_rug,hard_rug,-1.0,-1.0,-1.0,0.0,0.0,0.0,0.0,0.0,0.0,0.0,0.0,0.0,-1.0,-1.0,1.0
4ZwWddrPzfgMxyEgQ7kzVrqoqX5D9BQJPwduQUBMmePs,2021,hard_rug,hard_rug,-1.0,0.9990846577017115,-1.0,0.0,6.0,0.0,0.0,0.0,0.0,0.0,0.0,0.0,-1.0,-1.0,1.0
GGupQCMnyEmHKcqFu72qCTm6yEYpVyhouY9dSAMEXLsC,2021,hard_rug,hard_rug,1.0,1.0,-1.0,0.0,5.0,0.0,0.0,0.0,0.0,0.0,0.0,0.0,-1.0,-1.0,1.0
3avjHqW8dqBL7oK335saFJGajLW22AijMm8B9voZ6GdC,2021,hard_rug,hard_rug,-1.0,-1.0,-1.0,0.0,0.0,0.0,0.0,0.0,0.0,0.0,0.0,0.0,-1.0,-1.0,1.0
6H87YFkp5LHyN3KzDXa5r3QYce7WTcwYJi9SqwH3TXkQ,2021,hard_rug,hard_rug,-1.0,1.0,-59.0,0.0,2.0,0.0,0.0,0.0,0.0,0.0,3.0,2.0,0.6666666666666666,1.0686342592592593,0.0
3He7MjkGXd9MjCu9rv7oUosi4Gav1JuzpDqk6sDX7XJo,2021,hard_rug,hard_rug,-1.0,-1.0,-1.0,0.0,0.0,0.0,0.0,1.0,0.0,0.0,0.0,0.0,-1.0,-1.0,1.0
2qfSePaCqvWkYnYUsYSm1VZYKtbzKYHh7gsnKcyrgspp,2021,hard_rug,hard_rug,-1.0,-1.0,428.0,0.0,0.0,0.0,0.0,1.0,0.0,0.0,8.0,3.0,0.375,2.723263888888889,0.0
7a4cXVvVT7kF6hS5q5LDqtzWfHfys4a9PoK6pf87RKwf,2021,hard_rug,hard_rug,0.540504273104417,0.842699245775348,-1.0,0.0,47.0,0.0,0.0,1.0,0.0,0.0,0.0,0.0,-1.0,-1.0,1.0
CsZ5LZkDS7h9TDKjrbL7VAwQZ9nsRu8vJLhRYfmGaN8K,2022,honest_candidate,honest_candidate,-1.0,-1.0,-44.0,0.0,0.0,0.0,0.0,1.0,0.0,0.0,11.0,5.0,0.45454545454545453,10.739699074074075,0.0
3uNAevHamuZKKQdtdLzmHNvqD8r14tXUUXx5PN48UbYC,2022,honest_candidate,honest_candidate,-1.0,-1.0,-1.0,0.0,0.0,0.0,0.0,0.0,0.0,0.0,0.0,0.0,-1.0,-1.0,1.0
7GNyprqrpvJHNwzWSj4KVkqw9cKyV5aR3ehM2HeE5pw,2022,honest_candidate,honest_candidate,0.9459459459459459,0.404149377593361,-1.0,0.0,30.0,0.0,0.0,0.0,0.0,0.0,0.0,0.0,-1.0,-1.0,1.0
EexGvP9KuZohcyDbCaqo4PAdBaoffXg9ffae1AUCddLo,2022,honest_candidate,honest_candidate,1.0,1.0,-1.0,0.0,1.0,0.0,0.0,1.0,0.0,0.0,2.0,0.0,0.0,10.538715277777778,0.0
4kVztsKSzMBPfFxM8iJoZvt2X7xZKah3pyjiYDNYFMf7,2022,honest_candidate,honest_candidate,1.0,1.0,606.0,0.0,2.0,0.0,0.0,1.0,0.0,0.0,0.0,0.0,-1.0,-1.0,1.0
8e2G3tCTvKAosq4BnYbDczboRVhy7xaXwbTSJeXEefJX,2022,honest_candidate,honest_candidate,-1.0,-1.0,-1.0,0.0,0.0,0.0,0.0,1.0,0.0,0.0,0.0,0.0,-1.0,-1.0,1.0
6AmNhPanjUR5g1fLv4aGaZKXC44ghfAVH3Ly59XE93s6,2022,honest_candidate,slow_rug,0.0,1.0,-1.0,0.0,1.0,1.0,0.0,1.0,0.0,0.0,0.0,0.0,-1.0,-1.0,1.0
hone3CJTYjczb5nJh45KCNMkjrKMt7SCnHkWGWsVfVu,2022,honest_candidate,honest_candidate,-1.0,1.0,-1.0,0.0,2.0,0.0,0.0,0.0,0.0,0.0,0.0,0.0,-1.0,-1.0,1.0
fLoeAqCfMiS3Uaj6aXSCGhf2ZE9znWz7WjTPCD2Rgnf,2022,honest_candidate,honest_candidate,1.0,1.0,-1.0,0.0,3.0,0.0,0.0,1.0,0.0,0.0,1.0,0.0,0.0,125.90434027777778,0.0
CT1iZ7MJzm8Riy6MTgVht2PowGetEWrnq1SfmUjKvz8c,2022,honest_candidate,honest_candidate,-1.0,-1.0,-1.0,0.0,0.0,0.0,0.0,1.0,0.0,0.0,0.0,0.0,-1.0,-1.0,1.0
CUhrGSrSn9Ub8xBobqb4QK6fB6we77dELV9mMQzaY3ne,2022,honest_candidate,honest_candidate,1.0,1.0,-1.0,0.0,1.0,0.0,0.0,1.0,0.0,0.0,3.0,0.0,0.0,12.954976851851852,0.0
9mXZ54YnJJRmUN2MaMEtWCfFyoncP4ZhKz7U9DZ4JY2X,2022,honest_candidate,honest_candidate,-1.0,-1.0,-35.0,0.0,0.0,0.0,0.0,1.0,0.0,0.0,15.0,8.0,0.5333333333333333,13.927210648148149,0.0
4Kth6x628rFHGoYCGgXcLnVqLkmBJJmQVX1uWDivZrJD,2022,honest_candidate,honest_candidate,-1.0,1.0,-1.0,0.0,1.0,2.0,0.0,1.0,0.0,0.0,4.0,0.0,0.0,62.51931712962963,0.0
de1QJkP1qDCk5JYCCXCeq27bQQUdCaiv7xVKFrhPSzF,2022,honest_candidate,honest_candidate,-1.0,1.0,-1.0,0.0,1.0,0.0,0.0,0.0,0.0,0.0,0.0,0.0,-1.0,-1.0,1.0
6FLsSkF4AqQeDuqEmGPyBZvVebc4WWWntnZP2QZyBzG8,2022,honest_candidate,honest_candidate,-1.0,-1.0,-1.0,0.0,0.0,0.0,0.0,0.0,0.0,0.0,16.0,8.0,0.5,13.259722222222223,0.0
EcFyPDjqpnyMvh1LhACtC6rrCZ41DMez7RZYocjhmUVS,2022,hard_rug,hard_rug,-1.0,-1.0,-1.0,0.0,0.0,0.0,0.0,0.0,0.0,0.0,0.0,0.0,-1.0,-1.0,1.0
A5UevXJdphkzXhRtTXj8JyoYYrWnkCLHVS986JHtRLyj,2022,hard_rug,hard_rug,-1.0,-1.0,-1.0,0.0,0.0,0.0,0.0,1.0,0.0,0.0,12.0,5.0,0.4166666666666667,2.4844444444444442,0.0
FYfQ9uaRaYvRiaEGUmct45F9WKam3BYXArTrotnTNFXF,2022,hard_rug,hard_rug,-1.0,-1.0,-1.0,0.0,0.0,0.0,0.0,0.0,0.0,0.0,13.0,6.0,0.46153846153846156,10.043368055555556,0.0
4wBxVumKnzxNstAeraVuLAdRXKNShm4UQjqdYDF7bhWA,2022,hard_rug,hard_rug,-1.0,-1.0,-1.0,0.0,0.0,0.0,0.0,0.0,0.0,0.0,17.0,8.0,0.47058823529411764,179.50575231481483,0.0
aWXP3vpT9MhFWDoMEYG5ssYG72dZN5Cb8cLWDLLThpB,2022,hard_rug,hard_rug,-1.0,1.0,-1.0,0.0,3.0,0.0,0.0,1.0,0.0,0.0,14.0,7.0,0.5,19.398611111111112,0.0
EwdR9wYjMNNzDQEvjibCEwtetUVnACL2WCLbuQ1AVr4e,2022,hard_rug,hard_rug,-1.0,1.0,-1.0,0.0,1.0,0.0,0.0,0.0,0.0,0.0,0.0,0.0,-1.0,-1.0,1.0
5fFUeBJnjPK18PLnF7KBWPu29BjEjLgQgvwhZ83Gkmdu,2022,hard_rug,hard_rug,-1.0,-1.0,-1.0,0.0,0.0,0.0,0.0,1.0,0.0,0.0,18.0,9.0,0.5,24.18130787037037,0.0
CobcsUrt3p91FwvULYKorQejgsm5HoQdv5T8RUZ6PnLA,2022,hard_rug,hard_rug,-1.0,-1.0,-1.0,0.0,0.0,0.0,0.0,1.0,0.0,0.0,0.0,0.0,-1.0,-1.0,1.0
8E5W9PMhnEvdvM2Q9XBLMJW7UsFiieXnRHPj8zhtB23h,2022,hard_rug,hard_rug,-1.0,-1.0,-1.0,0.0,0.0,0.0,1.0,1.0,0.0,0.0,0.0,0.0,-1.0,-1.0,1.0
8BobtXuP8hD69rZTLZiubSEbmQWpbmaJwyoayzQYyxs3,2022,hard_rug,hard_rug,-1.0,1.0,-1.0,0.0,2.0,1.0,1.0,1.0,0.0,0.0,0.0,0.0,-1.0,-1.0,1.0
AZci9R148CU6hfnnE8ffm2K5mkxagbnTAZNQF5fLbvHb,2022,hard_rug,hard_rug,-1.0,-1.0,-1.0,0.0,0.0,0.0,0.0,1.0,0.0,0.0,0.0,0.0,-1.0,-1.0,1.0
4vXidyArpT8fyQTmfXfMNHitj5ay1Fjcnbw9fJLL2zBa,2022,hard_rug,hard_rug,1.0,0.7027295584056907,-1.0,0.0,13.0,0.0,0.0,1.0,0.0,0.0,0.0,0.0,-1.0,-1.0,1.0
DiGmvTPHBzuADgBPrzt29simEuPKSYFMSmBZYdFdddyb,2022,hard_rug,hard_rug,-1.0,-1.0,-1.0,0.0,0.0,0.0,0.0,0.0,0.0,0.0,0.0,0.0,-1.0,-1.0,1.0
6Ec1kR3iFZoGfwHQc2g9o3hvrEXYosTbdsyhMEMQMzUt,2023,honest_candidate,honest_candidate,-1.0,-1.0,52.0,0.0,0.0,0.0,0.0,0.0,0.0,0.0,31.0,19.0,0.6129032258064516,0.17337962962962963,0.0
FrLvQuxj4tWxsksfGhFGMzxnypToiZ4tL7KAp3vdqF6p,2023,honest_candidate,honest_candidate,-1.0,-1.0,344.0,0.0,0.0,0.0,0.0,0.0,0.0,0.0,29.0,18.0,0.6206896551724138,1.7307523148148147,0.0
7puG5H5Mc6QpvaXjAVLr6GnL5hhUMnpLcUm8G3mEsgHQ,2023,honest_candidate,honest_candidate,-1.0,-1.0,-1.0,0.0,0.0,0.0,0.0,0.0,0.0,0.0,0.0,0.0,-1.0,-1.0,1.0
SFRg7WA3LjaM78ubDYe1mM4DPkYHGasHqyAc8XCV4b9,2023,honest_candidate,honest_candidate,-1.0,-1.0,-13.0,0.0,0.0,0.0,0.0,0.0,0.0,0.0,28.0,18.0,0.6428571428571429,22.11541666666667,0.0
4F2yutcbkabE5MJoDvrDLa5U2re5HPABSCVKA7vqrKcH,2023,honest_candidate,honest_candidate,-1.0,1.0,-1.0,0.0,3.0,0.0,0.0,0.0,0.0,0.0,0.0,0.0,-1.0,-1.0,1.0
HeipZWUCiAWWpWubTYskQy6EUU7vF7Xm81SG8Rm669sP,2023,honest_candidate,honest_candidate,-1.0,1.0,-1.0,0.0,3.0,1.0,0.0,0.0,0.0,0.0,0.0,0.0,-1.0,-1.0,1.0
FKPDxQGuuempGEwwwZKrN3BvD4RSAt6qdBrzwTXciEZu,2023,honest_candidate,honest_candidate,-1.0,1.0,-59.0,0.0,5.0,0.0,0.0,0.0,0.0,0.0,0.0,0.0,-1.0,-1.0,1.0
4ExL9pJ9gqeQ6XWqEBkRnrooXDbj1XP7Yb9sP6AKJjMu,2023,honest_candidate,honest_candidate,-1.0,0.9996230487935942,-57.0,0.0,7.0,0.0,0.0,0.0,0.0,0.0,0.0,0.0,-1.0,-1.0,1.0
3GYJNJqvBw5ZDwXR3FUM9Ypah9wnuPAjJkz2QJqq2hpd,2023,honest_candidate,honest_candidate,-1.0,1.0,-26.0,0.0,1.0,0.0,0.0,0.0,0.0,0.0,0.0,0.0,-1.0,-1.0,1.0
Bx1CTbx6M98GpkU3LWDnAzjwBynACK9X9uPnUVRCXpZN,2023,honest_candidate,honest_candidate,-1.0,-1.0,-1.0,0.0,0.0,0.0,0.0,0.0,0.0,0.0,0.0,0.0,-1.0,-1.0,1.0
A9aqscgw7TzSL6xRoQXFg58xPP9cuiPNp1fT1qco9QR7,2023,honest_candidate,honest_candidate,-1.0,1.0,-31.0,0.0,2.0,0.0,0.0,0.0,0.0,0.0,0.0,0.0,-1.0,-1.0,1.0
7VUUicqKYFVmewg1U4w4e9K4FoEYdTcYyxYCPhRNf5Qy,2023,honest_candidate,honest_candidate,-1.0,1.0,-58.0,0.0,2.0,0.0,0.0,0.0,0.0,0.0,0.0,0.0,-1.0,-1.0,1.0
G7Kb79ojSgAc3K9zUn7sh6ex1tX1mfGrLJfJ3FPZACSv,2023,honest_candidate,honest_candidate,-1.0,-1.0,-41.0,0.0,0.0,0.0,0.0,0.0,0.0,0.0,0.0,0.0,-1.0,-1.0,1.0
2JDSu687MdZgBGDCorHkHDit3oVQhfH7uuhEDoRfNorX,2023,honest_candidate,honest_candidate,-1.0,-1.0,-14.0,0.0,0.0,0.0,0.0,0.0,0.0,0.0,26.0,17.0,0.6538461538461539,7.776724537037037,0.0
7LZLkdxisoHRSTWNDzBWYiFMzPPRJKzrUYHzem5jLGXX,2023,honest_candidate,honest_candidate,-1.0,-1.0,111.0,0.0,0.0,0.0,0.0,0.0,0.0,0.0,0.0,0.0,-1.0,-1.0,1.0
FBCczEei1aiqTfCFx8xkoSoSVTfa4SEJ6hWhumRG4sDX,2023,hard_rug,hard_rug,-1.0,-1.0,429.0,0.0,0.0,0.0,0.0,0.0,0.0,0.0,19.0,10.0,0.5263157894736842,111.2665625,0.0
73chyRjxMVjGkdh7vtHRHV4qksbFnBbHhZtiUDBc4Wx3,2023,hard_rug,hard_rug,-1.0,-1.0,-1.0,0.0,0.0,0.0,0.0,0.0,0.0,0.0,0.0,0.0,-1.0,-1.0,1.0
FkGxfo4M5NWQ9xCm6NBLz1shB1mXQT7oDeUrxBSt2ev9,2023,hard_rug,hard_rug,1.0470801127612472e-13,1.0,-1.0,0.0,2.0,2.0,0.0,0.0,0.0,0.0,0.0,0.0,-1.0,-1.0,1.0
4KbzSz2VF1LCvEaw8viq1335VgWzNjMd8rwQMsCkKHip,2023,hard_rug,hard_rug,-1.0,1.0,-1.0,0.0,1.0,0.0,0.0,0.0,0.0,0.0,0.0,0.0,-1.0,-1.0,1.0
spwvhovbrSaKeeo8FPDma5b24A2krvXyFozeC7wVkuS,2023,hard_rug,hard_rug,-1.0,1.0,113.0,0.0,1.0,0.0,0.0,0.0,0.0,0.0,21.0,12.0,0.5714285714285714,10.191979166666666,0.0
BuTUtNMP7qLP9bHezGmKA29wXhQfyC2g8mVBtqmWhswN,2023,hard_rug,hard_rug,-1.0,1.0,-24.0,0.0,3.0,1.0,0.0,0.0,0.0,0.0,23.0,14.0,0.6086956521739131,25.333587962962962,0.0
G2GaEsA8ncjzmpDYMC9NuXzTz1USHnTDWmRyokKbzEka,2023,hard_rug,hard_rug,-1.0,-1.0,72.0,0.0,0.0,0.0,0.0,0.0,0.0,0.0,25.0,16.0,0.64,33.04179398148148,0.0
BcQ7SzbsEm2Hw9JC9cv8MSEHG8JZ6LQouJuYkbHqy5np,2023,hard_rug,hard_rug,-1.0,-1.0,151.0,0.0,0.0,0.0,0.0,0.0,0.0,0.0,27.0,17.0,0.6296296296296297,14.64886574074074,0.0
Hq4jqgMgvfH7e9axYHTVBKvDXa8WGBnq54m1W7EHehXj,2023,hard_rug,hard_rug,-1.0,1.0,-57.0,0.0,1.0,0.0,0.0,0.0,0.0,0.0,20.0,11.0,0.55,10.599340277777777,0.0
47mGo8x18zZqz99S9KdaTH6a6H4WH1wwLPZYULG4r6XH,2023,hard_rug,hard_rug,-1.0,1.0,-48.0,0.0,3.0,0.0,0.0,0.0,0.0,0.0,22.0,13.0,0.5909090909090909,93.90729166666667,0.0
7gtzMg2Y14egjjWUPh8AoDvP8fRiL8ByfK63f5We3yug,2023,hard_rug,hard_rug,-1.0,1.0,-11.0,0.0,1.0,0.0,0.0,0.0,0.0,0.0,30.0,18.0,0.6,0.8103356481481482,0.0
EjjgXW7cyhztXdnSsQMimrM2jrCRvZQKMqYKcHLk1avZ,2023,hard_rug,hard_rug,-1.0,1.0,-18.0,0.0,1.0,0.0,0.0,0.0,0.0,0.0,24.0,15.0,0.625,133.84386574074074,0.0
HEhX2wxFoXBCAdftYas9ZxRs245r8M14EgufboH7hcd3,2023,hard_rug,hard_rug,-1.0,-1.0,-56.0,0.0,0.0,0.0,0.0,0.0,0.0,0.0,0.0,0.0,-1.0,-1.0,1.0
8XUTstViEpLfhxaA88A6oWKraHm8V444bnSq6hm79vYh,2023,hard_rug,hard_rug,-1.0,-1.0,-1.0,0.0,0.0,0.0,0.0,0.0,0.0,0.0,0.0,0.0,-1.0,-1.0,1.0
FsPncBfeDV3Uv9g6yyx1NnKidvUeCaAiT2NtBAPy17xg,2023,hard_rug,hard_rug,-1.0,-1.0,-1.0,0.0,0.0,0.0,0.0,0.0,0.0,0.0,0.0,0.0,-1.0,-1.0,1.0
